/*This code sets the default schema to "comp_ware_db_IE_Group2" for the current database*/
USE comp_ware_db_IE_Group2; 

/*Deletes the EMPLOYEE table if it exists.*/
DROP TABLE IF EXISTS EMPLOYEE; 
/*Creates the EMPLOYEE table with 8 columns to store employee information where a primary key is 'Emp_ID' 
and foreign key constraint on the Order_ID column referencing the Order_ID column in the ORDERS table.*/
CREATE TABLE EMPLOYEE ( 
  Emp_ID INT(10),
  Emp_FName  VARCHAR(15),
  Emp_LName VARCHAR(15),
  Emp_Initial VARCHAR(2),
  Emp_Phone BIGINT,
  Emp_HireDate DATE,
  Emp_BirthDate DATE,
  Order_ID  INT(10),
  PRIMARY KEY(Emp_ID),
  FOREIGN KEY (Order_ID) REFERENCES ORDERS(Order_ID) 
);

/*This code inserts rows of data into the "EMPLOYEE" table, representing employee information in a warehouse.*/
  INSERT INTO EMPLOYEE VALUES('50001','Ashleigh','Velez','AV','6607298718','2006-05-25','1980-06-06','44719');
  INSERT INTO EMPLOYEE VALUES('50002','Byron','Roberson','BR','2693347395','2015-06-27','1990-01-07','10982');
  INSERT INTO EMPLOYEE VALUES('50003','Christina','Powell','CP','2545333051','2018-02-15','1992-08-10','99239');
  INSERT INTO EMPLOYEE VALUES('50004','Crystal','Hoover','CH','9143381666','2022-02-17','1997-01-12','18384');
  INSERT INTO EMPLOYEE VALUES('50005','Julie','Richardson','JR','3309979954','2008-03-05','1986-09-20','11969');
  INSERT INTO EMPLOYEE VALUES('50006','Catrin','Walters','CW','2243152691','2014-09-02','1991-01-14','97372');
  INSERT INTO EMPLOYEE VALUES('50007','Donovan','Marshall','DM','5098980971','2011-12-09','1980-02-12','11740');
  INSERT INTO EMPLOYEE VALUES('50008','Isaac','Goodman','IG','8176591869','2011-11-29','1983-05-19','39168');
  INSERT INTO EMPLOYEE VALUES('50009','Daisy','Barnett','DB','7155913050','2004-09-18','1981-03-04','45934');
  INSERT INTO EMPLOYEE VALUES('50010','Sean','Wong','SW','2179478340','2018-05-14','1990-01-05','81325');
  INSERT INTO EMPLOYEE VALUES('50011','Ken','Hardy','KH','5635477446','2010-10-26','1978-07-25','30355');
  INSERT INTO EMPLOYEE VALUES('50012','Tracy','Dunn','TD','9494585186','2016-04-21','1993-01-21','18541');
  INSERT INTO EMPLOYEE VALUES('50013','Linda','Lara','LL','2564455205','2010-05-19','1980-06-28','62653');
  INSERT INTO EMPLOYEE VALUES('50014','Steve','Roy','SR','5733508232','2013-01-30','1986-12-12','58458');
  INSERT INTO EMPLOYEE VALUES('50015','Ashleigh','Faulkner','AF','8065795043','2005-02-15','1981-01-24','57012');
  INSERT INTO EMPLOYEE VALUES('50016','Sean','Turner','ST','5108572008','2011-11-11','1981-07-29','35478');
  INSERT INTO EMPLOYEE VALUES('50017','Donovan','Mitchell','DM','7168740955','2014-06-15','1990-09-30','46475');
  INSERT INTO EMPLOYEE VALUES('50018','Jack','Banks','JB','8154446257','2005-03-19','1979-02-13','53174');
  INSERT INTO EMPLOYEE VALUES('50019','John','Phillips','JP','2679921019','2012-07-19','1985-03-01','33064');
  INSERT INTO EMPLOYEE VALUES('50020','Leo','Mckinney','LM','3238435320','2015-02-24','1989-07-09','50687');
  INSERT INTO EMPLOYEE VALUES('50021','Enner','Valencia','EV','9548251676','2014-04-04','1991-08-03','92002');
  INSERT INTO EMPLOYEE VALUES('50022','Imran','Huber','IH','7747631202','2010-09-08','1980-12-06','79407');
  INSERT INTO EMPLOYEE VALUES('50023','Adrian','Leon','AL','3037234383','2019-12-24','1996-06-21','28828');
  INSERT INTO EMPLOYEE VALUES('50024','Leyton','Obrien','LO','6192077023','2022-09-20','1998-09-20','28241');
  INSERT INTO EMPLOYEE VALUES('50025','Ava','Garrett','AG','9498234483','2013-07-13','1985-06-14','93555');
  INSERT INTO EMPLOYEE VALUES('50026','Hollie','Webster','HW','8597121767','2005-06-14','1980-01-12','38384');
  INSERT INTO EMPLOYEE VALUES('50027','Cassie','Mclaughlin','CM','8067938058','2010-07-20','1986-09-15','95159');
  INSERT INTO EMPLOYEE VALUES('50028','Marissa','Gibbons','MG','9257421293','2011-09-17','1979-04-20','69725');
  INSERT INTO EMPLOYEE VALUES('50029','Faisal','Gill','FG','8706378396','2019-08-05','1990-03-17','46975');
  INSERT INTO EMPLOYEE VALUES('50030','Jasmine','Bradley','JB','2064386481','2004-10-04','1974-03-14','78729');
  INSERT INTO EMPLOYEE VALUES('50031','Mariam','Washington','MW','7028218060','2013-04-21','1987-09-04','43214');
  INSERT INTO EMPLOYEE VALUES('50032','Esme','Neal','EN','4108946962','2006-09-12','1972-05-30','12983');
  INSERT INTO EMPLOYEE VALUES('50033','Hassan','Mills','HM','2568024973','2009-01-11','1985-08-10','88391');
  INSERT INTO EMPLOYEE VALUES('50034','Hope','Freeman','HF','6012800250','2016-12-26','1991-09-17','59756');
  INSERT INTO EMPLOYEE VALUES('50035','Sonia','Ford','SF','2177982503','2012-09-29','1982-01-14','92932');
  INSERT INTO EMPLOYEE VALUES('50036','Kasey','Doherty','KD','9375708291','2010-04-16','1982-07-19','39401');
  INSERT INTO EMPLOYEE VALUES('50037','Celia','Rogers','CR','5098268016','2007-12-27','1977-07-26','97919');
  INSERT INTO EMPLOYEE VALUES('50038','Ellie','Watkins','EW','9207297778','2010-10-10','1985-11-06','27331');
  INSERT INTO EMPLOYEE VALUES('50039','Dan','Stein','DS','5189836517','2017-02-15','1990-04-25','70847');
  INSERT INTO EMPLOYEE VALUES('50040','Emilio','Gallegos','EG','5094159781','2005-09-13','1978-02-12','18351');
  INSERT INTO EMPLOYEE VALUES('50041','Jaden','Short','JS','8595223927','2012-04-19','1983-07-18','88087');  
  INSERT INTO EMPLOYEE VALUES('50042','Izaak','Moran','IM','7088590967','2007-07-17','1980-08-14','46922'); 
  INSERT INTO EMPLOYEE VALUES('50043','Jimmy','Whitaker','JW','9125830199','2019-05-22','1997-12-11','12838'); 
  INSERT INTO EMPLOYEE VALUES('50044','Eryn','Macdonald','EM','3077898644','2014-07-29','1988-06-21','50773'); 
  INSERT INTO EMPLOYEE VALUES('50045','Reggie','Johns','RJ','8174362101','2018-08-18','1992-04-28','38265');  
  INSERT INTO EMPLOYEE VALUES('50046','Alexandros','Meadows','AM','3309011492','2004-06-10','1978-02-13','47593'); 
  INSERT INTO EMPLOYEE VALUES('50047','Maggie','Dunlap','MD','9253429858','2012-08-17','1988-06-10','94288');
  INSERT INTO EMPLOYEE VALUES('50048','Tomasz','Copeland','TC','7754079880','2014-07-15','1990-04-28','31354');
  INSERT INTO EMPLOYEE VALUES('50049','Lea','Fernandez','LF','6179925348','2011-09-17','1984-01-12','91264');
  INSERT INTO EMPLOYEE VALUES('50050','Marisanna','Ahola','MA','2134891078','2006-04-01','1978-09-07','55126');
  
  
  
  /*Deletes the EMPLOYEE_SKILL table if it exists.*/
  DROP TABLE IF EXISTS EMPLOYEE_SKILL;
  
/*Creates the EMPLOYEE_SKILL table with 3 columns to store employee skill information, 
and a primary key on the combination of the Emp_ID and Skill_ID columns.*/  
CREATE TABLE EMPLOYEE_SKILL (
  Emp_ID  INT(5),
  Skill_ID  INT(3),
  PRIMARY KEY(Emp_ID,Skill_ID)
);

/*This code inserts rows of data into the "EMPLOYEE_SKILL" table, representing employee skill information in a warehouse.*/
INSERT INTO EMPLOYEE_SKILL VALUES('50001','302');
INSERT INTO EMPLOYEE_SKILL VALUES('50002','302');
INSERT INTO EMPLOYEE_SKILL VALUES('50003','303');
INSERT INTO EMPLOYEE_SKILL VALUES('50004','301');
INSERT INTO EMPLOYEE_SKILL VALUES('50005','303');
INSERT INTO EMPLOYEE_SKILL VALUES('50006','302');
INSERT INTO EMPLOYEE_SKILL VALUES('50007','302');
INSERT INTO EMPLOYEE_SKILL VALUES('50008','302');
INSERT INTO EMPLOYEE_SKILL VALUES('50009','303');
INSERT INTO EMPLOYEE_SKILL VALUES('50010','303');
INSERT INTO EMPLOYEE_SKILL VALUES('50011','302');
INSERT INTO EMPLOYEE_SKILL VALUES('50012','302');
INSERT INTO EMPLOYEE_SKILL VALUES('50013','301');
INSERT INTO EMPLOYEE_SKILL VALUES('50014','302');
INSERT INTO EMPLOYEE_SKILL VALUES('50015','301');
INSERT INTO EMPLOYEE_SKILL VALUES('50016','302');
INSERT INTO EMPLOYEE_SKILL VALUES('50017','303');
INSERT INTO EMPLOYEE_SKILL VALUES('50018','302');
INSERT INTO EMPLOYEE_SKILL VALUES('50019','302');
INSERT INTO EMPLOYEE_SKILL VALUES('50020','301');
INSERT INTO EMPLOYEE_SKILL VALUES('50021','302');
INSERT INTO EMPLOYEE_SKILL VALUES('50022','301');
INSERT INTO EMPLOYEE_SKILL VALUES('50023','301');
INSERT INTO EMPLOYEE_SKILL VALUES('50024','302');
INSERT INTO EMPLOYEE_SKILL VALUES('50025','303');
INSERT INTO EMPLOYEE_SKILL VALUES('50026','302');
INSERT INTO EMPLOYEE_SKILL VALUES('50027','303');
INSERT INTO EMPLOYEE_SKILL VALUES('50028','301');
INSERT INTO EMPLOYEE_SKILL VALUES('50029','303');
INSERT INTO EMPLOYEE_SKILL VALUES('50030','302');
INSERT INTO EMPLOYEE_SKILL VALUES('50031','303');
INSERT INTO EMPLOYEE_SKILL VALUES('50032','302');
INSERT INTO EMPLOYEE_SKILL VALUES('50033','301');
INSERT INTO EMPLOYEE_SKILL VALUES('50034','303');
INSERT INTO EMPLOYEE_SKILL VALUES('50035','302');
INSERT INTO EMPLOYEE_SKILL VALUES('50036','301');
INSERT INTO EMPLOYEE_SKILL VALUES('50037','303');
INSERT INTO EMPLOYEE_SKILL VALUES('50038','303');
INSERT INTO EMPLOYEE_SKILL VALUES('50039','301');
INSERT INTO EMPLOYEE_SKILL VALUES('50040','301');
INSERT INTO EMPLOYEE_SKILL VALUES('50041','301');
INSERT INTO EMPLOYEE_SKILL VALUES('50042','301');
INSERT INTO EMPLOYEE_SKILL VALUES('50043','302');
INSERT INTO EMPLOYEE_SKILL VALUES('50044','302');
INSERT INTO EMPLOYEE_SKILL VALUES('50045','301');
INSERT INTO EMPLOYEE_SKILL VALUES('50046','303');
INSERT INTO EMPLOYEE_SKILL VALUES('50047','302');
INSERT INTO EMPLOYEE_SKILL VALUES('50048','301');
INSERT INTO EMPLOYEE_SKILL VALUES('50049','302');
INSERT INTO EMPLOYEE_SKILL VALUES('50050','303');



/*Deletes the SHIPMENT table if it exists.*/
 DROP TABLE IF EXISTS SHIPMENT;

/*Creates the SHIPMENT table with 5 columns to store shipment information, a primary key on the Shipment_ID column, 
and a foreign key constraint on the Order_ID column referencing the Order_ID column in the ORDERS table.*/
CREATE TABLE SHIPMENT (
  Shipment_ID   INT(10),
  Shipment_Date  DATE,
  Shipment_TrackingNo bigint,
  Shipment_Success  VARCHAR(3),
  Order_ID INT(15),
  PRIMARY KEY(Shipment_ID),
  FOREIGN KEY (Order_ID) REFERENCES ORDERS(Order_ID)
);

/*This code inserts rows of data into the "SHIPMENT" table, representing shipment information in a warehouse.*/
INSERT INTO SHIPMENT VALUES('90001', '2022-05-30', '4210966585', 'Yes', '44719');
INSERT INTO SHIPMENT VALUES('90002', '2022-05-30', '1618695325', 'Yes', '10982');
INSERT INTO SHIPMENT VALUES('90003', '2022-06-02', '9863796286', 'Yes', '99239');
INSERT INTO SHIPMENT VALUES('90004', '2022-06-02', '6081315319', 'Yes', '18384');
INSERT INTO SHIPMENT VALUES('90005', '2022-06-04', '2017780971', 'Yes', '11969');
INSERT INTO SHIPMENT VALUES('90006', '2022-06-04', '5830632064', 'Yes', '97372');
INSERT INTO SHIPMENT VALUES('90007', '2022-06-08', '4544690829', 'Yes', '11740');
INSERT INTO SHIPMENT VALUES('90008', '2022-06-08', '4132680483', 'Yes', '39168');
INSERT INTO SHIPMENT VALUES('90009', '2022-06-09', '3787588385', 'Yes', '45934');
INSERT INTO SHIPMENT VALUES('90010', '2022-06-09', '9127734749', 'Yes', '81325');
INSERT INTO SHIPMENT VALUES('90011', '2022-06-11', '7063927356', 'Yes', '30355');
INSERT INTO SHIPMENT VALUES('90012', '2022-06-15', '4547112609', 'Yes', '18541');
INSERT INTO SHIPMENT VALUES('90013', '2022-06-15', '7056606787', 'Yes', '62653');
INSERT INTO SHIPMENT VALUES('90014', '2022-06-15', '2825179180', 'Yes', '58458');
INSERT INTO SHIPMENT VALUES('90015', '2022-06-19', '1970622539', 'Yes', '57012');
INSERT INTO SHIPMENT VALUES('90016', '2022-06-19', '6615327196', 'No', '35478');
INSERT INTO SHIPMENT VALUES('90017', '2022-06-22', '7921767751', 'Yes', '46475');
INSERT INTO SHIPMENT VALUES('90018', '2022-06-23', '5487155336', 'Yes', '53174');
INSERT INTO SHIPMENT VALUES('90019', '2022-06-23', '6737077266', 'No', '33064');
INSERT INTO SHIPMENT VALUES('90020',   '2022-06-23', '5144939320', 'Yes', '50687');
INSERT INTO SHIPMENT VALUES('90021', '2022-06-26', '1075484659', 'Yes', '92002');
INSERT INTO SHIPMENT VALUES('90022', '2022-06-29', '9238736227', 'Yes', '79407');
INSERT INTO SHIPMENT VALUES('90023',    '2022-06-29', '6110944435', 'Yes', '28828');
INSERT INTO SHIPMENT VALUES('90024', '2022-06-30', '9818939448', 'Yes', '28241');
INSERT INTO SHIPMENT VALUES('90025', '2022-07-01', '3803918741', 'Yes', '93555');
INSERT INTO SHIPMENT VALUES('90026', '2022-07-01', '5884370669',   'Yes', '38384');
INSERT INTO SHIPMENT VALUES('90027', '2022-07-06', '5540653694', 'Yes', '95159');
INSERT INTO SHIPMENT VALUES('90028', '2022-07-08', '1865882263', 'Yes', '69725');
INSERT INTO SHIPMENT VALUES('90029', '2022-07-08', '2983561285', 'No', '46975');
INSERT INTO SHIPMENT VALUES('90030', '2022-07-10', '1492811252', 'Yes', '78729');
INSERT INTO SHIPMENT VALUES('90031', '2022-07-13', '6850735681', 'Yes', '43214');
INSERT INTO SHIPMENT VALUES('90032', '2022-07-13', '5441089032', 'Yes', '12983');
INSERT INTO SHIPMENT VALUES('90033', '2022-07-15', '1321859632', 'Yes', '88391');
INSERT INTO SHIPMENT VALUES('90034', '2022-07-16', '7113570974', 'Yes', '59756');
INSERT INTO SHIPMENT VALUES('90035', '2022-07-16', '5116725129', 'Yes', '92932');
INSERT INTO SHIPMENT VALUES('90036', '2022-07-20', '8345017387', 'Yes', '39401');
INSERT INTO SHIPMENT VALUES('90037', '2022-07-21', '5343965121', 'No', '97919');
INSERT INTO SHIPMENT VALUES('90038', '2022-07-22', '8825781417', 'Yes', '27331');
INSERT INTO SHIPMENT VALUES('90039', '2022-07-23', '8664222246', 'Yes', '70847');
INSERT INTO SHIPMENT VALUES('90040', '2022-07-23', '3989328205', 'Yes', '18351');
INSERT INTO SHIPMENT VALUES('90041', '2022-07-27', '5941389198', 'Yes', '88087');
INSERT INTO SHIPMENT VALUES('90042', '2022-07-26', '4102467230', 'Yes', '46922');
INSERT INTO SHIPMENT VALUES('90043', '2022-07-28', '1934857007', 'No', '12838');
INSERT INTO SHIPMENT VALUES('90044', '2022-07-29', '2743858003', 'Yes', '50773');
INSERT INTO SHIPMENT VALUES('90045', '2022-07-29', '9659918630', 'Yes', '38265');
INSERT INTO SHIPMENT VALUES('90046', '2022-08-01', '4261798499', 'Yes', '47593');
INSERT INTO SHIPMENT VALUES('90047', '2022-08-02', '8045700125', 'No', '94288');
INSERT INTO SHIPMENT VALUES('90048', '2022-08-04', '5206235329', 'Yes', '31354');
INSERT INTO SHIPMENT VALUES('90049', '2022-08-04', '7564268651', 'Yes', '91264');
INSERT INTO SHIPMENT VALUES('90050', '2022-08-06', '5049249353', 'Yes', '55126');  
